<?xml version="1.0" encoding="UTF-8" standalone="yes"?>
<msh xmlns="mshine.googlecode.com">
    <metadata>
        <type autorun="0">application</type>
        <uid>a3719a6d-b52c-4d13-b607-0060f1b0b615</uid>
        <name>Hello World!</name>
        <desc>Print "Hello World!"</desc>
        <author>Sam Saint-Pettersen</author>
        <email>samji@bigfoot.com</email>
        <webs>http://mshine.googlecode.com</webs>
        <thumb>none</thumb>
        <rest>none</rest>
    </metadata>
    <luacode>
        -- greet the world
        std.msg("Hello World!")
    </luacode>
</msh>

